"","num_bait","mean_percent_trained_quolls"
"1",40,0.35625
"2",60,0.36875
"3",80,0.45
"4",100,0.475
"5",120,0.51875
"6",140,0.6
"7",160,0.5875
